<?xml version="1.0" encoding="UTF-8"?>
<connections xmlns="http://dbcfg.bod.dbex.gs.com">
  <connection name="SqlServer2005" displayOrder="2">
    <databaseType>MSSQL_2005</databaseType>
    <connectionUrl>
      <protocol/>
      <url>jdbc:microsoft:sqlserver://&lt;hostName>:&lt;portNumber>;databaseName=&lt;databaseName>;selectMethod=&lt;selectMethod></url>
    </connectionUrl>
    <databaseConfiguration>
      <driverClassName>com.microsoft.sqlserver.jdbc.SQLServerDriver</driverClassName>
      <hostName>localhost</hostName>
      <portNumber>1433</portNumber>
      <userName>sa</userName>
      <password>soma</password>
      <savePassword>true</savePassword>
      <storageType>CATALOG</storageType>
      <sidServiceName/>
      <schemaName/>
    </databaseConfiguration>
  </connection>
  <connection name="MySQL Test 001" displayOrder="1">
    <databaseType>MYSQL</databaseType>
    <connectionUrl>
      <protocol/>
      <url><![CDATA[jdbc:mysql://<hostName>:<portNumber>/<databaseName>user=<userName>&password=<password>]]></url>
    </connectionUrl>
    <databaseConfiguration>
      <driverClassName>com.mysql.jdbc.Driver</driverClassName>
      <hostName>localhost</hostName>
      <portNumber>3306</portNumber>
      <userName>root</userName>
      <password>welcome123</password>
      <savePassword>true</savePassword>
      <storageType>CATALOG</storageType>
      <sidServiceName/>
      <schemaName/>
    </databaseConfiguration>
  </connection>
  <connection name="POS_OWNER" displayOrder="3">
    <databaseType>ORACLE</databaseType>
    <connectionUrl>
      <protocol/>
      <url>jdbc:oracle:thin:&lt;userName>/&lt;password>@&lt;hostName>:&lt;portNumber>:&lt;SID></url>
    </connectionUrl>
    <databaseConfiguration>
      <driverClassName>oracle.jdbc.driver.OracleDriver</driverClassName>
      <hostName>localhost</hostName>
      <portNumber>1521</portNumber>
      <userName>pos_owner</userName>
      <password>pos_owner</password>
      <savePassword>true</savePassword>
      <storageType>SCHEMA</storageType>
      <sidServiceName>XE</sidServiceName>
      <schemaName>pos_owner</schemaName>
    </databaseConfiguration>
  </connection>
</connections>